,time,work_property
0,1649773897.0977066,1
1,1649773897.0977066,1
2,1649773897.0977066,1
3,1649773897.0977066,1
4,1649773897.0977066,1
5,1649773897.0977066,1
6,1649773897.0977066,1
7,1649773897.0977066,1
